<?xml version="1.0" encoding="UTF-8"?>
<project-private xmlns="http://www.netbeans.org/ns/project-private/1">
    <editor-bookmarks xmlns="http://www.netbeans.org/ns/editor-bookmarks/2" lastBookmarkId="0"/>
    <open-files xmlns="http://www.netbeans.org/ns/projectui-open-files/2">
        <group>
            <file>file:/C:/Users/HP/Desktop/IP2/Game2/src/game2/RegisterSignIn.fxml</file>
            <file>file:/C:/Users/HP/Desktop/IP2/Game2/src/game2/FXMLDocumentController.java</file>
            <file>file:/C:/Users/HP/Desktop/IP2/Game2/src/game2/Game2.java</file>
            <file>file:/C:/Users/HP/Desktop/IP2/Game2/src/game2/Register.fxml</file>
            <file>file:/C:/Users/HP/Desktop/IP2/Game2/src/game2/SignIn.fxml</file>
            <file>file:/C:/Users/HP/Desktop/IP2/Game2/src/game2/game2.css</file>
        </group>
    </open-files>
</project-private>
